date,nav,nA,nB
2015-01-09,100000.00000000001,15,0
2015-01-16,100112.38023000001,15,0
2015-01-23,102992.34298000002,15,1
2015-01-30,101569.73978000002,15,2
2015-02-06,99501.37803,15,2
2015-02-13,101500.91798,15,1
2015-03-06,107685.28583000001,15,1
2015-03-13,108783.67588,15,1
2015-03-20,112443.85983,15,1
2015-03-27,109080.43043,15,1
2015-04-10,108860.66873,15,0
2015-04-17,112662.52478,15,2
2015-04-24,113390.9052,15,0
2015-05-08,111396.11621,15,0
2015-05-15,109271.19480999999,15,0
2015-05-22,109785.18600999999,15,0
2015-05-29,118203.86340999999,15,0
2015-06-05,116956.48296000001,15,0
2015-06-12,118491.69376,15,0
2015-06-26,122450.71126,15,0
2015-07-03,122562.16616,15,0
2015-07-17,114713.99800999998,15,0
2015-07-24,104315.75701,6,0
2015-07-31,100870.56740999999,2,0
2015-08-07,97155.92540999998,1,0
2015-08-14,95244.57540999999,1,0
2015-08-21,91162.20485999998,0,0
2015-08-28,91162.20485999998,0,0
2015-09-04,91162.20485999998,1,0
2015-09-11,126913.40485999998,1,0
2015-09-18,129981.60485999998,1,0
2015-09-25,130115.00485999997,1,0
2015-10-02,135118.27285999997,2,0
2015-10-16,134360.82716,6,0
2015-10-23,140256.72645999998,9,0
2015-10-30,128233.43500999999,10,0
2015-11-06,135742.61346,12,0
2015-11-13,149029.86495999998,13,0
2015-11-20,164219.94355999999,15,0
2015-11-27,164368.01611,15,0
2015-12-04,169022.67841,15,0
2015-12-11,157383.05766,15,0
2015-12-18,166465.03806,15,0
2015-12-25,164581.53036,15,0
2016-01-08,161203.71330999996,14,0
2016-01-15,152888.85126,10,0
2016-01-22,158433.32805999997,8,0
2016-01-29,162381.42515999996,8,0
2016-02-19,166797.25885999994,9,1
2016-02-26,168376.68680999998,15,1
2016-03-04,169950.47441,15,1
2016-03-11,181239.00335999997,15,2
2016-03-18,187297.50470999998,15,2
2016-03-25,188063.0995,15,2
2016-04-01,191903.8769,15,2
2016-04-08,199448.02085,14,2
2016-04-15,199320.8063,15,2
2016-04-22,206197.7308,15,2
2016-04-29,196675.26700000002,16,0
2016-05-06,195887.94410000002,15,0
2016-05-13,185165.01530000003,15,0
2016-05-20,188342.7109,15,0
2016-05-27,199280.56250000003,15,0
2016-06-03,201579.49550000002,15,0
2016-06-17,203560.44504999998,15,0
2016-06-24,197442.99615000002,15,0
2016-07-01,208568.8696,14,0
2016-07-15,214543.28390000004,14,1
2016-07-22,213232.40760000004,15,1
2016-07-29,208731.94507000002,15,1
2016-08-05,209219.30827,15,0
2016-08-12,207069.15218,15,0
2016-08-19,212911.47372999997,15,0
2016-08-26,218832.82682999998,15,1
2016-09-02,216306.30078999998,15,2
2016-09-09,225888.13259,14,2
2016-09-23,227914.81143999996,15,3
2016-09-30,228927.15644,15,3
2016-10-07,231042.71029999998,15,3
2016-10-14,217463.38004999998,15,3
2016-10-21,225270.7303,15,3
2016-10-28,231395.03694999998,15,3
2016-11-04,220021.78512,15,2
2016-11-11,213492.73152,15,1
2016-11-18,231852.70797,15,0
2016-11-25,221780.96337999997,15,0
2016-12-02,224825.77859,15,0
2016-12-09,221911.13559,15,0
2016-12-16,219902.02124000003,15,0
2016-12-23,213181.35249000002,15,0
2016-12-30,218397.92939000003,15,0
2017-01-06,222497.40124000004,15,0
2017-01-13,217047.55094000004,15,0
2017-01-20,219499.55709000007,15,0
2017-02-03,231825.28466000006,15,0
2017-02-10,239599.47263000003,15,2
2017-02-17,258789.79763000004,15,2
2017-02-24,254294.17444000003,15,2
2017-03-03,248601.30014000004,15,2
2017-03-10,253894.98323000007,15,2
2017-03-17,272239.51438000007,15,2
2017-03-24,279214.13863000006,15,4
2017-03-31,279734.39058000006,15,2
2017-04-07,285403.94578000007,15,2
2017-04-14,275710.82713000005,15,3
2017-04-21,279955.47428,15,0
2017-04-28,289333.69668,15,4
2017-05-05,280510.66787999996,14,4
2017-05-12,284816.05117999995,15,4
2017-05-19,286426.82337999996,15,4
2017-05-26,289356.65660999995,15,4
2017-06-02,295119.79686,15,4
2017-06-09,295301.84845999995,15,4
2017-06-16,293620.75946,15,4
2017-06-23,289430.69616,15,3
2017-06-30,288530.91660999996,15,3
2017-07-07,282200.14236,14,3
2017-07-14,292926.78211000003,14,4
2017-07-21,298135.40761,14,4
2017-07-28,295488.95821,15,4
2017-08-04,305562.54996000003,14,4
2017-08-11,302712.60121,15,3
2017-08-18,309539.28983,15,3
2017-08-25,323529.28548,13,3
2017-09-01,333047.01773,14,4
2017-09-08,339225.33568,15,4
2017-09-15,333020.55888,15,4
2017-09-22,328153.09115,15,3
2017-09-29,317311.81274,15,0
2017-10-06,344149.68079,15,4
2017-10-13,346468.05864000006,15,3
2017-10-20,344700.50019000005,15,4
2017-10-27,333055.6825900001,15,3
2017-11-03,339713.6396400001,15,3
2017-11-10,334763.46284000017,15,3
2017-11-17,335213.1282400001,15,4
2017-11-24,349583.7788500001,15,4
2017-12-01,342517.08510000014,14,0
2017-12-08,340066.6905000001,15,0
2017-12-15,344606.99070000014,14,0
2017-12-22,350240.1660500001,15,0
2017-12-29,357287.8818500001,15,0
2018-01-05,363430.2578900002,15,0
2018-01-12,360189.9790900002,15,0
2018-01-19,354476.5687800002,15,0
2018-01-26,353966.27283000026,15,4
2018-02-02,347983.7504800003,15,4
2018-02-09,313685.6232500002,15,0
2018-02-23,329673.0212000002,15,1
2018-03-02,334517.1457000002,14,1
2018-03-09,338585.6732000002,15,1
2018-03-16,346983.72470000025,15,3
2018-03-23,350819.8859000002,15,3
2018-03-30,351104.9236500002,15,0
2018-04-13,358371.0907500002,14,0
2018-04-20,370746.31485000014,15,0
2018-04-27,365756.6483000002,15,0
2018-05-04,367814.95020000014,15,0
2018-05-11,381130.04890000017,15,0
2018-05-18,366984.71030000015,15,0
2018-05-25,411935.0994000002,15,0
2018-06-01,413823.73345000023,15,0
2018-06-08,435778.0348000002,15,0
2018-06-15,449853.5492500003,14,0
2018-06-22,429980.2104000003,14,0
2018-06-29,425916.3100000002,15,0
2018-07-06,412255.66325000016,15,0
2018-07-13,411473.2713500002,15,0
2018-07-20,396364.7570000002,16,0
2018-07-27,401343.7479000002,15,0
2018-08-03,399087.45125000016,15,1
2018-08-10,385165.1740500002,15,1
2018-08-17,369763.6978000002,11,1
2018-08-24,366853.6351000002,15,1
2018-08-31,386423.33275000023,15,1
2018-09-07,351769.4204500002,15,1
2018-09-14,354167.9942000002,15,0
2018-09-21,358344.61690000026,15,0
2018-09-28,357992.2828000002,15,0
2018-10-05,348139.8759000003,15,0
2018-10-12,332884.3842500003,9,0
2018-10-19,329728.43965000025,7,0
2018-10-26,292241.1684000003,4,0
2018-11-02,301782.3328500003,1,0
2018-11-09,305103.0328500003,1,0
2018-11-16,301352.34105000034,2,0
2018-11-23,300938.8835500003,3,0
2018-11-30,303334.49195000035,4,0
2018-12-07,314329.85315000033,5,0
2018-12-14,339039.9237500003,8,0
2018-12-21,334593.91485000035,12,0
2018-12-28,329825.57145000034,13,0
2019-01-04,322602.6214500003,14,0
2019-01-11,335693.58845000033,15,0
2019-01-18,342207.7753000003,15,0
2019-01-25,343633.74970000033,15,0
2019-02-15,342372.2577500003,15,0
2019-02-22,333828.6107500003,15,0
2019-03-08,368326.57120000024,15,0
2019-03-15,381375.5217500002,15,1
2019-03-22,391033.8420500002,15,1
2019-03-29,378111.52110000025,15,1
2019-04-12,366286.64335000026,16,2
2019-04-19,363216.1602500003,15,3
2019-04-26,359452.3717500003,15,2
2019-05-03,356095.95445000025,15,2
2019-05-10,345016.76605000027,15,2
2019-05-17,327983.24265000026,15,0
2019-05-24,330941.99550000025,15,0
2019-05-31,334925.3662000003,15,0
2019-06-14,331967.3937100003,15,0
2019-06-21,330591.9556400003,15,0
2019-06-28,332460.4021400003,15,0
2019-07-05,339565.89664000034,15,0
2019-07-12,351157.92649000033,15,0
2019-07-19,347878.0736900003,15,0
2019-07-26,343547.9227400003,15,0
2019-08-02,338735.4261400003,15,0
2019-08-16,359710.72419000027,15,1
2019-08-23,365056.77449000033,15,2
2019-08-30,362574.0360300003,15,2
2019-09-06,364680.3144300003,15,2
2019-09-20,374425.6495800003,15,2
2019-09-27,348088.18098000035,15,2
2019-10-04,372154.1662300003,14,2
2019-10-18,412911.8671300003,14,3
2019-10-25,414240.39313000033,15,4
2019-11-01,419941.1412300003,15,4
2019-11-08,419500.0310300003,15,4
2019-11-15,417572.12543000025,15,3
2019-11-22,405729.2776800003,15,4
2019-11-29,408576.01883000025,15,4
2019-12-06,410120.6359300003,15,4
2019-12-13,406112.00818000024,15,4
2019-12-20,408192.9770300003,15,4
2019-12-27,422759.6428100003,15,4
2020-01-03,418616.65016000025,15,4
2020-01-10,412190.5090000002,15,4
2020-01-17,415867.90210000024,15,3
2020-01-31,391618.5950000003,14,0
2020-02-07,394380.7937500003,14,0
2020-02-14,398700.24305000034,15,1
2020-02-21,382096.95495000033,15,0
2020-03-06,398872.3196500003,15,0
2020-03-13,335042.5703000003,15,0
2020-03-20,310730.9866500003,5,0
2020-03-27,320003.2866500003,5,0
2020-04-10,338684.54465000035,4,0
2020-04-17,353851.5345000003,5,0
2020-04-24,386102.3845000003,5,0
2020-05-08,448739.0082500003,9,0
2020-05-15,491272.13970000023,15,0
2020-05-22,535299.2926500003,15,2
2020-05-29,530039.2777500002,16,2
2020-06-05,523783.0289200003,15,2
2020-06-12,504357.7243700003,14,4
2020-06-19,533426.5146200003,14,4
2020-07-03,557878.6252700003,14,3
2020-07-10,560107.1559200003,16,2
2020-07-17,532566.5214200004,15,4
2020-07-24,532006.5283200003,14,4
2020-07-31,554419.7404200003,15,3
2020-08-07,556749.2261200004,14,2
2020-08-14,574578.6941700003,15,2
2020-08-21,558856.6239200003,14,4
2020-08-28,575733.2444200002,14,4
2020-09-04,601357.2574700003,15,4
2020-09-11,565028.0641200003,15,4
2020-09-18,591073.4724200002,15,4
2020-09-25,544976.0115700003,13,4
2020-10-16,595623.9175700003,13,4
2020-10-23,606737.0930700003,13,4
2020-10-30,579212.5657700003,15,0
2020-11-06,589814.0739700003,15,3
2020-11-13,594041.6512200003,15,3
2020-11-20,621627.8132200004,15,3
2020-11-27,642319.8960700002,13,4
2020-12-04,640688.5432700003,14,4
2020-12-11,658557.6210200001,15,4
2020-12-18,666627.0155700002,14,4
2020-12-25,675053.8790200001,14,4
2021-01-08,708842.5355600002,15,3
2021-01-15,704280.6451100004,15,3
2021-01-22,727605.4957100003,13,3
2021-01-29,670042.6761100002,15,3
2021-02-05,693564.3248100003,14,4
2021-02-19,731326.1147100002,14,4
2021-02-26,725990.3906600003,15,4
2021-03-05,710830.4784100002,15,4
2021-03-12,728991.1373600003,15,4
2021-03-19,737474.1534600002,15,4
2021-03-26,753369.6137100002,15,0
2021-04-09,785270.1946100002,14,0
2021-04-16,776806.3015100003,15,0
2021-04-23,801144.9294100002,15,0
2021-05-07,863221.1725600002,15,0
2021-05-14,714474.2907100002,16,0
2021-05-21,750587.0459600003,15,0
2021-05-28,794168.5325600003,13,0
2021-06-04,811097.7467600002,15,0
2021-06-11,812613.7918600002,15,0
2021-06-18,871107.6415600001,12,0
2021-06-25,915559.0965600002,15,0
2021-07-02,987853.9257100003,14,2
2021-07-09,939670.7822100003,14,0
2021-07-16,929115.2796600002,16,4
2021-07-23,914393.9522600003,15,4
2021-07-30,857550.2736600004,15,0
2021-08-06,849634.48906,15,4
2021-08-13,773796.5666100002,15,0
2021-08-20,742441.3293100002,15,0
2021-08-27,767691.8928100001,15,0
2021-09-03,786614.6467600003,15,0
2021-09-10,754236.8773600002,15,2
2021-09-17,745059.1800599999,15,2
2021-09-24,737031.32706,15,0
2021-10-01,684096.1954600001,15,0
2021-10-08,673458.86056,15,0
2021-10-15,695371.14646,15,0
2021-10-22,687606.73381,15,0
2021-10-29,691749.16266,15,0
2021-11-05,709796.09526,15,0
2021-11-12,726770.6910600001,14,4
2021-11-19,746885.7399599999,15,2
2021-11-26,717773.2525599999,15,3
2021-12-03,737756.0540599999,15,4
2021-12-10,765846.02321,13,4
2021-12-17,738233.2119099998,14,4
2021-12-24,757834.7268099999,13,4
2022-01-07,719896.04071,15,4
2022-01-14,693896.40641,15,4
2022-01-21,673028.42626,15,4
2022-02-11,700076.91141,15,1
2022-02-18,697439.1068099999,14,2
2022-02-25,689023.5803599999,15,0
2022-03-04,695670.09386,16,0
2022-03-11,688574.91056,15,0
2022-03-18,699347.83836,15,0
2022-03-25,706593.1491599999,15,0
2022-04-01,704653.92131,15,0
2022-04-08,729392.8909599999,15,0
2022-04-15,722125.34491,15,0
2022-04-22,739935.0230099999,15,0
2022-04-29,716800.7044099999,14,0
2022-05-06,681979.5190099999,14,0
2022-05-13,636405.63921,14,0
2022-05-20,679716.53981,14,0
2022-05-27,689319.1823600001,14,0
2022-06-10,736396.0863600001,14,0
2022-06-17,699420.81261,15,0
2022-06-24,682657.25176,14,0
2022-07-01,665456.6017600001,14,0
2022-07-08,707078.1890100001,11,0
2022-07-15,719119.48901,11,0
2022-07-22,725739.6890100001,11,0
2022-07-29,749647.4246100001,12,0
2022-08-05,764747.73906,13,0
2022-08-12,753800.4715100001,15,0
2022-08-19,805064.6197100001,15,0
2022-08-26,849677.21816,15,0
2022-09-02,837314.4355100001,15,0
2022-09-16,832990.53746,15,0
2022-09-23,770096.97531,15,0
2022-09-30,753945.01211,15,0
2022-10-07,754707.29136,15,0
2022-10-14,737930.66926,15,0
2022-10-21,706749.7639700001,15,0
2022-10-28,701532.74632,11,0
2022-11-04,768772.9463200001,11,0
2022-11-11,776578.03582,12,0
2022-11-18,804220.67902,13,0
2022-11-25,791628.05062,15,0
2022-12-02,833593.37267,15,1
2022-12-09,836333.7864699999,14,3
2022-12-16,834875.86922,15,4
2022-12-23,841537.07817,15,4
2022-12-30,843582.06137,14,4
2023-01-06,825129.5723199999,14,4
2023-01-13,802093.16187,14,4
2023-02-03,869414.83827,14,3
2023-02-10,884788.7640199999,15,4
2023-02-17,916897.88782,15,4
2023-02-24,943811.0663,15,4
2023-03-03,938107.3398,15,4
2023-03-10,907405.2657999999,15,4
2023-03-17,901177.1031999999,15,4
2023-03-24,917419.44715,14,4
2023-03-31,936256.1594,15,4
2023-04-07,956952.09925,15,3
2023-04-14,990144.55635,15,0
2023-04-21,952497.6447999999,15,0
2023-04-28,981811.66685,15,0
2023-05-05,979724.0582500001,15,0
2023-05-12,946946.6147000002,15,0
2023-05-19,966011.1455000003,15,0
2023-05-26,983701.8951500003,15,0
2023-06-02,1055699.4807000002,15,3
2023-06-09,1086595.5010500003,15,3
2023-06-16,1155473.6243000005,14,3
2023-06-30,1184509.2206000001,13,4
2023-07-07,1243025.7125500003,14,4
2023-07-14,1326363.2823500002,13,4
2023-07-21,1343880.0064500002,13,3
2023-07-28,1425649.9192500003,13,3
2023-08-04,1265045.3343000002,16,4
2023-08-11,1226143.6431500004,15,0
2023-08-18,1235149.4892500003,14,0
2023-08-25,1248870.1168000002,15,0
2023-09-01,1233028.3654500004,15,0
2023-09-08,1275339.7244500003,15,0
2023-09-15,1310772.4970000004,15,0
2023-09-22,1278023.7107500003,15,0
2023-10-06,1295670.1432000003,15,0
2023-10-13,1321266.0944000003,15,0
2023-10-20,1304486.1102200004,15,0
2023-10-27,1316421.2043200003,15,0
2023-11-03,1346019.1686200004,15,0
2023-11-10,1348473.7443100004,15,3
2023-11-17,1443821.0453100002,15,2
2023-11-24,1439615.0476600002,15,2
2023-12-01,1515057.6839100004,13,2
2023-12-08,1462325.0521100003,15,4
2023-12-15,1467302.4320600003,15,4
2023-12-22,1415873.3502600002,15,3
2023-12-29,1408690.1070100004,15,3
2024-01-05,1385206.2692600002,15,3
2024-01-12,1387459.5004600002,15,4
2024-01-19,1424663.5172100002,15,3
2024-01-26,1454163.9225100002,15,3
2024-02-02,1507623.1120600002,15,4
2024-02-16,1563100.1523100003,13,4
2024-02-23,1609577.8786100002,13,4
2024-03-01,1634708.3387100003,15,3
2024-03-08,1619102.4610100004,16,4
2024-03-15,1599840.4355600004,15,4
2024-03-22,1645892.2193600002,15,3
2024-03-29,1671345.1925100004,15,3
2024-04-12,1838475.3842600007,14,4
2024-04-19,1834825.9050600007,14,4
2024-04-26,1845651.9585600004,15,4
2024-05-03,1911066.6655600006,14,4
2024-05-10,1840822.8192600005,15,4
2024-05-17,1859578.3415100004,15,4
2024-05-24,1907308.5683600006,15,3
2024-05-31,1948882.2725100003,14,3
2024-06-07,1957439.9148600001,14,3
2024-06-14,2063661.40001,15,4
2024-06-21,2092258.61961,14,4
2024-06-28,2050211.81501,15,4
2024-07-05,2138377.02591,14,4
2024-07-12,2053276.9017099997,15,2
2024-07-19,1986697.9940599995,15,3
2024-07-26,1922777.4160599995,15,2
2024-08-02,1910756.8214099994,15,1
2024-08-09,1904892.1435099994,14,0
2024-08-16,2024296.5757099995,15,0
2024-08-23,2025942.5455099994,15,0
2024-08-30,2105936.7137099993,15,0
2024-09-06,2027488.9189099993,15,0
2024-09-13,2042338.7071099994,14,0
2024-09-20,2090091.4757099994,14,0
2024-09-27,2058701.7457099995,15,0
2024-10-04,1976283.4616099994,15,0
2024-10-11,1833382.4141099993,15,4
2024-10-18,1840395.0056099994,15,4
2024-10-25,2015324.4185099995,15,4
2024-11-01,1947578.8710099994,15,4
2024-11-08,1961790.2801599992,15,3
2024-11-15,1896982.7253599993,15,3
2024-11-22,1935680.8657599995,15,2
2024-11-29,1822886.2757599996,15,0
2024-12-06,2006288.5540599995,15,2
2024-12-13,1875692.9125599999,15,2
2024-12-20,1845018.8342099995,15,1
2024-12-27,1992640.2571599996,15,2
2025-01-03,1970908.7441599998,15,1
2025-01-10,1972420.1766599996,15,2
2025-01-17,1978286.4391599996,14,2
2025-02-07,2146251.1091599995,14,3
2025-02-14,2090764.5136599995,13,3
2025-02-21,2166700.4903599992,14,3
2025-03-07,1960366.0902599995,15,0
2025-03-14,1920070.2123099996,15,0
2025-03-21,1923957.7793599998,15,0
2025-03-28,1861854.7468599996,15,0
2025-04-11,1650811.0261599994,2,0
2025-04-18,1717229.5951599996,1,0
2025-04-25,2032796.9951599995,1,0
2025-05-02,2147791.8951599994,1,0
2025-05-09,2038145.5951599996,1,0
2025-05-16,2008728.2951599997,1,0
2025-05-23,1876765.0667599994,2,0
2025-06-06,1820368.0049599994,4,0
2025-06-13,1808677.7362599995,6,0
2025-06-20,1771648.1975599995,9,0
2025-06-27,1802950.2308599995,12,0
2025-07-04,1807901.9328599994,13,0
2025-07-11,1847680.4336599996,15,0
2025-07-18,1932471.6227599995,15,0
2025-07-25,1943491.5493099997,15,0
2025-08-01,2085628.2201099996,15,1
2025-08-08,2157249.2999099996,14,1
2025-08-15,2596697.1867099996,14,2
2025-08-22,2500573.839409999,15,4
2025-08-29,2716225.082259999,15,4
2025-09-05,2565367.8521099994,15,3
2025-09-12,2551954.6860099994,14,3
2025-09-19,2458697.092109999,14,4
2025-09-26,2376064.742109999,14,4
2025-10-03,2627218.669109999,14,4
2025-10-17,2562080.2523099994,13,4
2025-10-31,2653923.5580099993,15,4
2025-11-07,2610534.7293099994,14,4
2025-11-14,2592585.7071099994,16,3
2025-11-21,2389381.3724599993,16,4
2025-11-28,2497103.939159999,15,4
2025-12-05,2488191.8151599993,15,3
2025-12-12,2615321.191709999,15,3
2025-12-19,2577908.273909999,15,0
2025-12-26,2711324.897409999,14,3
2026-01-02,2865466.752159999,14,3
2026-01-09,2965144.2916099993,13,3
2026-01-16,3232631.8780199992,14,4
2026-01-23,3257857.9358199993,14,3
2026-01-30,3428803.4994199993,16,4
2026-02-06,3176050.591869999,15,3
2026-03-06,3427301.5295199985,14,2
2026-03-13,3529295.542519999,15,2
2026-03-20,3609015.220219999,14,4
2026-03-27,3522354.336519999,14,4
2026-04-10,3814396.1770199994,12,3
2026-04-17,4127727.0816199984,15,4
2026-04-24,4081878.692119999,15,3
2026-05-08,4258509.294219999,16,3
2026-05-15,4173716.931419999,16,4
2026-05-22,4753510.282419999,14,3
2026-05-29,5386750.422519999,14,2
2026-06-05,5251628.496419998,13,4
2026-06-12,5058733.5141699985,12,4
2026-06-26,5361963.391919997,14,4
2026-07-03,5713437.198519997,15,4
2026-07-17,4669958.850259997,17,4
2026-07-24,4225856.532859997,16,4
2026-07-31,3739312.4720599973,14,0
2026-08-07,3921218.622059997,14,0
2026-08-14,3966623.9690599972,12,0
2026-08-21,3983867.490059997,14,0
2026-08-28,4259868.161309997,14,1
2026-09-04,4327334.800309997,13,1
2026-09-11,4159184.2503099972,14,1
2026-09-18,4286743.565509997,14,1
2026-10-02,4439308.049309997,14,2
